Title,Author,Available
Don Quixote,Miguel de Cervantes,Available
Alice's Adventures in Wonderland,Lewis Carroll,Available
The Adventures of Huckleberry Finn,Mark Twain,Available
The Adventures of Tom Sawyer,Mark Twain,Available
Treasure Island,Robert Louis Stevenson,Available
Pride and Prejudice,Jane Austen,Available
Jane Eyre,Charlotte Brontë,Available
Moby Dick,Herman Melville,Available
The Scarlet Letter,Nathaniel Hawthorne,Available
Gulliver's Travels,Jonathan Swift,Available
The Pilgrim's Progress,John Bunyan,Available
A Christmas Carol,Charles Dickens,Available
David Copperfield,Charles Dickens,Available
A Tale of Two Cities,Charles Dickens,Available
